code,EPF,ELT,ERC,EFF
A0220200,-0.6296457643468639,19.0,-0.5996160127897705,-0.5054645424651834
A0220200,-0.7929189493339848,-1.0,-0.5119034049588086,-0.4735812523805773
A0220200,0.3421730355521575,-1.0,0.2012791327819736,0.4005984132020785
A0220200,-0.5290238273208798,-1.0,-0.1847706080563195,-0.2456630160617321
A0220200,0.6184378417278988,0.0,0.0771382935365683,0.487483799206811
A0220200,-0.08349745166597,-18.0,-0.0251653110835445,0.0764847191546662
A0220200,-0.5754863221613287,2.0,-0.036246730445421,-0.3183696727370426
A0220200,-0.2810131418127281,3.0,0.7762842474602873,0.334154137904638
A0220200,-0.0768952263123895,-5.0,0.2479744532806413,0.1812248538810545
A0220200,-0.2264158313834746,5.0,-0.1454798313301172,-0.2079162699118475
A0220200,-0.1418022516873038,0.0,0.2301502946791878,0.4412395452138593
A0220200,-0.9554028836764114,-44.0,-0.6666417117252008,-0.9031637605504678
A0220200,-0.6718801061312358,0.0,0.1909535875681687,0.0599842612676602
A0220200,-0.6567687710895485,4.0,0.0681137185413198,-0.2252953750640759
A0220200,-0.4580343359799339,6.0,0.5137188810599824,0.3538121833035075
A0220200,0.2650030447297262,0.0,0.1260395960402958,0.1588128297456463
A0220200,1.3123651727184495,0.0,0.1842140030047492,0.3300378850878303
A0220200,-0.4521279930429801,2.0,0.5178005343659065,0.3681167909462892
A0220200,-0.1346327161456495,-1.0,-0.215606125804888,-0.1829054910264026
A0220200,-0.361667389033955,0.0,-0.0628012233112181,0.0300960596583701
A0220200,-0.5725931179391717,21.0,0.4353923991224884,0.0487969011176603
A0220200,-0.2753331652893472,0.0,0.1687951486887369,0.0176646002336275
A0220200,-0.8254791124975239,26.0,0.1032421190673167,-0.0736633382119743
A0220200,-0.1927932235190803,0.0,-0.179937149278883,-0.182108988635965
A0220200,-0.1526112001484192,0.0,0.1819282368561097,0.0742837546769954
A0220200,-0.491742624308217,8.0,-0.0259691846288967,-0.2191777099793679
A0220200,-0.1082270717373592,-1.0,0.1456911583840674,0.0956180791737113
A0220200,-0.1627803336027684,0.0,-0.1398715707849898,-0.1715368387579228
A0220200,-0.1011043599572774,1.0,-0.0423420241256931,0.0447555143574793
A0220200,-0.3107053116797212,14.0,-0.0838468056173599,-0.0832859250579117
A0220200,-0.3345846885491342,-1.0,-0.1436928515096734,-0.1846718363275459
A0220200,-0.4189862571646519,1.0,-0.0679931856748581,-0.0380049896803694
A0220200,0.0392251359440958,0.0,-0.0457823348861479,0.2146890115172255
A0220200,-0.0845952673496426,0.0,-0.385605157004431,-0.2293742432465915
A0220200,-0.3952304738894546,-1.0,-0.3616160184587437,-0.2861533438311874
A0220200,-0.4128846181617472,0.0,-0.3399969007347082,-0.3636163154672961
E3346020,-0.2178726254395135,0.0,0.1281797724635596,0.0254950139660752
E3346020,-0.5169459891810404,-2.0,-0.359318203751492,-0.2676763178169796
E3346020,-0.2218254194239483,1.0,-0.0287726466003758,-0.0020880008640241
E3346020,-0.4935609988315435,0.0,-0.2844968435207948,-0.3994498018848599
E3346020,-0.3999893539664854,-1.0,-0.2834123278183547,-0.1760348553614323
E3346020,-0.4238672614291167,0.0,-0.1825417345711921,-0.3183158227692261
E3346020,-0.4467183531411621,1.0,-0.0020530532415964,-0.2509937529877626
E3346020,-0.1134605458457859,-4.0,-0.0395457365518719,-0.001684848555633
E3346020,-0.308007643977785,2.0,-0.0318052275930627,-0.186075138599787
E3346020,-0.2780310178119374,1.0,0.0716411224229374,-0.0468071597708588
E3346020,-0.2986246018586694,-1.0,0.0771665846153948,-0.0735929360205031
E3346020,-0.356350808896737,0.0,-0.2423168874072971,-0.3063592172309231
E3346020,-0.3899266428033165,-1.0,-0.0782148137219183,-0.2424652983744604
E3346020,-0.3975400840632266,1.0,-0.1131612030698913,-0.1117583469825098
E3346020,-0.6280032055709877,183.0,-0.2356115600281593,-0.3921284863977697
E3346020,-0.3612272947204308,1.0,-0.2862121770984209,-0.464190226950294
E3346020,-0.2977639396640182,0.0,0.0486110268489141,-0.0375836345324401
J5704810,-0.494356735038962,-1.0,-0.5718275955863912,-0.4172588903373773
J5704810,-0.4672133827233053,35.0,-0.3117280235326168,-0.5028636344041446
J5704810,-0.0024489845965416,-4.0,-0.0681394560331253,-0.0729749015155134
J5704810,-0.0591960316490997,-33.0,-0.1658685589177575,-0.21081013234617
J5704810,-0.3487488805000976,-1.0,-0.3221232473688923,-0.327182707854236
J5704810,-0.2777728856310177,77.0,-0.1479688416981429,-0.1927032001557375
J5704810,-0.2130835714121518,0.0,0.0206311860798455,-0.0879455836329387
J5704810,-0.2819554327803203,0.0,-0.1361641898285105,-0.2218134077121129
J5704810,-0.0505308476543474,1.0,0.1034156508417365,-0.1162332495804792
J5704810,-0.1170660243549737,-3.0,0.0453415761283917,-0.1177481918467431
J5704810,-0.2698545483704916,-278.0,-0.182439568462301,-0.2030727716688731
J5704810,-0.2513344807047769,1.0,-0.0842922629327068,-0.2019032076742651
H7843010,-0.981584066007671,-2.0,-0.996102652438268,-0.985269750219334
H7843010,-0.927279982344138,21.0,-0.9644211499815148,-0.8880131296898786
H7843010,-0.893985920244495,-2.0,-0.9358988383675748,-0.7704767830406514
H7843010,-0.5630969029383907,3.0,-0.7909847126976159,-0.1127554160882849
H7843010,-0.5069588975241517,95.0,-0.330337499856423,-0.255080188058296
H7843010,-0.464962539912238,0.0,-0.1781152562218532,-0.0208044543606188
H7843010,-0.3067590328288995,80.0,-0.1869260470463536,-0.0329737875308684
H7843010,-0.4890305554183369,-14.0,-0.2844459360210033,-0.517503130549453
H7843010,-0.3517043967436457,-1.0,-0.1891918566283065,-0.1257705950635669
H7843010,-0.5537006935133466,0.0,-0.2802262970647221,-0.3948942979804729
H7843010,-0.3689021922538152,-1.0,0.1155233356616343,0.4963543316461349
H7843010,0.2913711798934393,0.0,0.2854325231740635,1.030706906340043
H7843010,-0.2749489676134254,0.0,0.1303232883434151,-0.0106186739569267
H7843010,-0.5396458218622445,-2.0,-0.1304130816714011,-0.2491025226883483
H7843010,-0.4371113515077552,0.0,-0.19653667902433,-0.4833656222924296
H7843010,-0.3985378591329591,-1.0,-0.1364819235619652,-0.3133428590803205
H7843010,-0.2992636795408312,0.0,0.0165951707837743,-0.0385493306444783
H7843010,-0.4874302466801967,1.0,-0.0797350259581007,-0.3637281759654037
H7843010,-0.1294551983271353,-1.0,0.0879551722575595,0.1473344524401065
H7843010,-0.1450759083707302,-1.0,0.0456430123335052,-0.0189704418691806
H7843010,-0.5679192852918775,-1.0,-0.0972584820106,-0.504172535424584
H7843010,-0.6561915181961211,-2.0,-0.0678463385139019,-0.4901114783262702
H7843010,-0.3610157842714664,-1.0,0.074862109123406,0.0372649457851865
H7843010,-0.4611229990203441,-2.0,0.0054877458878088,-0.199736221720212
H7843010,-0.5099172188881389,-1.0,-0.0730791489321592,-0.4032934350789554
H7843010,0.0042517776181922,-1.0,0.3217256989998069,0.545655567462421
H7843010,0.0185726580236456,2.0,0.6703857495764252,1.2957865343210213
H7843010,-0.1091838117304234,-2.0,0.264269322072562,-0.0293382182837436
H7843010,-0.5912895982413987,-1.0,0.0206480172769696,-0.3317944217523831
H7843010,-0.325364256479169,-2.0,-0.0755531367749016,-0.4059414016355603
H7843010,0.0423502312182402,114.0,0.289634166475021,0.7160841396290556
H7843010,-0.612290391438029,0.0,-0.0748237182028435,-0.3754803440091325
H7843010,-0.5967044654281018,-2.0,-0.1873226721021132,-0.6403836755196148
H7843010,-0.5343804755126286,1.0,-0.1161739318033705,-0.4190025638476427
H7843010,-0.3943572190533055,0.0,-0.0167900431095517,-0.2383222229382986
H7843010,-0.3605382741598224,-2.0,-0.0334127944418632,-0.1599581674127592
H7843010,-0.382079647328476,-2.0,0.0209944860564705,-0.1947634152252242
H7843010,-0.360808837857717,-1.0,0.0915779407948638,-0.1003188330776362
H7843010,-0.2392144431896847,-2.0,0.2575953518778102,0.0734521460676975
H7843010,-0.0796644718390107,-2.0,0.2527315731038537,-0.0085903613479594
H7843010,-0.3850343199884974,-2.0,-0.0226663615683219,-0.3511535003663306
H7843010,-0.1872453178755345,1.0,0.0535361332752504,-0.112527674323804
H7843010,-0.1709843179474612,3.0,-0.1069386698731958,-0.2782170167352241
H7843010,-0.2312905998493299,-3.0,-0.1171411084280797,-0.282806613971055
H7843010,-0.246013116532783,-3.0,-0.0907646667337698,-0.207752039504631
H7843010,-0.516674569909443,2.0,-0.2376865432362449,0.0519383891044387
H7843010,-0.2955856847709766,-10.0,-0.0716768655576784,-0.0863380511797544
H3403102,-0.4200964575777233,-9.0,-0.360971223727542,-0.5006921872782795
H3403102,-0.2842427862667938,-19.0,-0.1634154536796833,-0.3807464840648055
H3403102,-0.3676358180754386,-10.0,-0.2456132982613322,-0.3545318006484436
H3403102,-0.3825832816868826,4.0,-0.2975365787056265,-0.4545827826182818
H3403102,-0.5685481719953218,-7.0,-0.2696523964089856,-0.5220483771215507
H3403102,-0.1089564836249538,-7.0,0.0272627398778999,-0.1581817800265211
H3403102,0.1582362938160619,-8.0,0.2117780290599886,0.0948333564628711
H3403102,-0.3594008528548915,-21.0,-0.1206516893552913,-0.3089052091293699
G4002020,-0.8611696191350835,3.0,-0.5441527403257875,-0.6808365596981756
G4002020,-0.6351710234790684,0.0,-0.4463470442258658,-0.1829278707341883
G4002020,-0.4279493614259018,-3.0,-0.3473533209463482,0.9247178037888611
G4002020,-0.5864634002424446,4.0,-0.4285350814092636,-0.1440508736677223
G4002020,-0.4244999247234421,2.0,-0.2806015517329884,0.0204050909487398
G4002020,-0.6890626433767122,0.0,-0.3251708069293856,-0.3842179327492676
G4002020,-0.3335595828932491,-2.0,-0.3100600899697106,0.4402196716988937
G4002020,-0.4892096327848181,4.0,-0.0962842605665745,-0.0388603173525956
G4002020,-0.3787391981000346,6.0,0.0217864334610036,0.0581098154010979
G4002020,0.2101353322076247,6.0,0.0546219781210948,1.3033282363629517
G4002020,0.2430919040233838,3.0,0.1878530324012661,1.0799605174037303
G4002020,-0.3298329091175797,-1.0,-0.148823819465058,0.1367191835037611
G4002020,0.0328907087533147,-3.0,0.0455565312812487,0.3692554639132268
G4002020,-0.0640138752045244,2.0,0.4064594681921907,0.4878961599556051
G4002020,-0.1029082252165323,-1.0,0.4743579009828884,0.3294637325655607
G4002020,-0.5448163165000154,1.0,0.0530696587974062,-0.2591765778260285
G4002020,-0.1141200937593069,2.0,0.2996539558277413,0.7422040921687183
G4002020,-0.1874795239298049,0.0,0.3906593726977923,0.6266955060720416
G4002020,-0.7731716661917392,3.0,-0.0629892753299105,-0.6367884664552909
G4002020,-0.3068797295057536,0.0,0.3483072966820195,0.3552657978040099
G4002020,0.0597360605435874,8.0,0.4592599745090984,0.6961057529408141
G4002020,-0.3056241596466175,-2.0,0.2278324411105847,0.0202959412370067
G4002020,-0.6588811331366569,0.0,0.1876898652052452,-0.3704798937492856
G4002020,-0.2062818408522098,-2.0,0.0752701205771451,-0.2189279491022678
J7803020,-0.1724619376003037,0.0,0.1537420828687297,-0.2387347379762644
J7803020,-0.2615940936087848,29.0,-0.1220207175989136,-0.173607327445798
J7803020,-0.0693780161801742,-10.0,0.0792659034039486,-0.0920301291172241
J7803020,0.110367066295173,-5.0,0.2076189895713893,0.2023480507702564
J7803020,-0.4163494907102255,0.0,1.3404007897565535,0.9213992520309606
J7803020,-0.5822178763381491,0.0,1.5480004364807165,0.9689947021172662
J7803020,-0.6095016996527207,25.0,0.6533975752749543,0.2878777721905496
J7803020,-0.2011603077892517,-3.0,-0.1089759531435439,-0.2508330824261071
J7803020,-0.3368264929145471,-105.0,-0.1794716401508864,-0.3815882108408801
J7803020,-0.2903950175370112,15.0,0.2428486645164667,0.0040428230271205
J7803020,-0.6069307155510217,19.0,-0.0532947649654715,-0.4905437659070906
J7803020,-0.5986698316643317,9.0,-0.274511635246885,-0.5705569139043156
J7803020,-0.1836857428848548,-13.0,-0.1764735256809342,-0.2803963550752311
J7803020,-0.4977180665385955,49.0,-0.1972770824866955,-0.5221414194555197
J7803020,-0.2270366227526873,-1.0,-0.1472282781665618,-0.3748669349294908
J7803020,-0.3917563907683842,0.0,-0.2790941650207862,-0.3852302806541974
J7803020,-0.2906182458419967,-8.0,0.2141056837574289,-0.2008990731560588
J7803020,-0.3156110789527347,0.0,0.1457379089802795,-0.4132638946935378
J7803020,-0.3563183501343255,0.0,0.7686338073875068,-0.4196322285317766
J7803020,-0.7665991147376039,-55.0,-0.4069086136585768,-0.6544134924489465
J7803020,-0.3115357343520051,-14.0,-0.2938701344255895,-0.3175661225888846
J7803020,-0.2116093615419344,-4.0,-0.2042039006857616,-0.2821179657668976
J7803020,-0.1847395015066689,-4.0,-0.1405598974682721,-0.3167556341901437
J7803020,-0.6206173060591169,0.0,-0.5270413937515526,-0.6681622713808419
A9832010,-0.0300393316608137,-46.0,-0.0947574373564851,-0.0604629653216036
A9832010,0.0992609466335234,-4.0,0.0526270444926217,-0.0601370744844204
A9832010,-0.6490609154490046,-2.0,-0.5131896905318675,-0.7090884111200817
A9832010,-0.4511837295189881,13.0,-0.3334647470565564,-0.3691491347322844
A9832010,-0.4096302920824861,-6.0,-0.1907809371125394,-0.4841020931561619
A9832010,-0.4936034730696045,23.0,-0.390513895393216,-0.4936254813064137
I3712010,-0.0954759265309327,0.0,-0.0743186401009433,0.0525706257594167
I3712010,-0.1148082171110331,1.0,-0.0619273093116571,-0.1889315944341858
I3712010,-0.0722943424020623,20.0,-0.0748779202820231,0.0123112382583727
I3712010,-0.1683669163093486,1.0,0.0292633131322974,0.0755996528799807
I3712010,-0.0870008085761654,0.0,0.3179463971982117,0.2559842065886948
I3712010,0.2348349911035725,-3.0,0.1272296042616252,0.3144814896622552
I3712010,0.2009311444067478,-1.0,-0.0167528380181041,0.1824276279465315
I3712010,-0.1847677307556423,1.0,-0.1102918654501778,-0.0784360043656068
I3712010,-0.2621404058218967,0.0,-0.0305179681538516,-0.1647415150779719
I3712010,-0.6804920797350873,14.0,-0.5661249752532826,-0.7121663610028461
K2724210,-0.9801507507101505,35.0,-0.989713580900311,-0.9870172361629828
K2724210,-0.8849505681696485,1.0,-0.906756232422063,-0.914113982232828
K2724210,-0.7854401466649557,3.0,-0.8629467194977372,-0.8539975138539933
K2724210,-0.8828386964448198,68.0,-0.8044511374215984,-0.6458144622408635
K2724210,-0.575370046388379,1.0,-0.5356397226088097,-0.3892096013873175
K2724210,-0.4017434833397633,0.0,-0.2629727097744736,-0.5288420256601019
K2724210,-0.0736175377379959,-3.0,0.0537872793067919,-0.1746047850667473
K2724210,0.9751847093433637,-2.0,0.133084223253401,0.0267169521617982
K2724210,-0.2005410811174793,0.0,0.10511595156293,-0.0287304989496109
K2724210,-0.4603082510128412,-13.0,0.1611983374177614,-0.1727192959257444
K2724210,-0.7267224167031647,0.0,-0.3642859974149828,-0.6601800373690625
K2724210,-0.5044449722459339,-13.0,-0.3165072799689397,-0.5389288065557618
K2724210,-0.5186844717304533,0.0,0.1095199240441091,-0.3683088021580774
K2724210,-0.4878280000846355,2.0,-0.0599091911345536,-0.2978994382830618
K2724210,-0.4274150602929776,0.0,-0.2839049377181016,-0.3704966239288866
K2724210,0.3194462780389944,94.0,-0.1786634774050796,-0.3486671988400657
K2724210,0.2743801163370933,103.0,-0.1103162908842423,-0.0490384317161488
K2724210,0.5336258006546142,-1.0,0.2725789102672318,-0.0845214336712837
K2724210,-0.5692931004675026,1.0,0.5241246788483804,-0.1463919278366783
K2724210,-0.716602976912321,-97.0,-0.3630133531641936,-0.7144480284939378
K2724210,-0.4503249639168564,0.0,0.1590788843855317,-0.167011786227054
K2724210,-0.2527286621272454,0.0,-0.0737793004002816,-0.3343727139859123
K2724210,-0.3786110259300116,1.0,-0.0390330803430573,-0.2962388290948796
K2724210,0.8051737618203794,2.0,0.000354046790538,-0.0559559263700591
K2724210,-0.1316325080645218,-19.0,-0.0227503638652888,-0.0368665369267706
K2724210,-0.247806980255491,1.0,-0.0985738657775058,-0.3508650180028404
K2724210,0.051234788004765,-1.0,0.0969233202109443,-0.3526386193195751
K2724210,-0.6456999707349388,1.0,-0.3188451639418019,-0.7623250589534186
K2724210,-0.2619775696184555,-1.0,0.0223917964706554,-0.5003927958131548
K2724210,-0.4605694452921549,0.0,0.4229698005730706,-0.522453094148015
K2724210,-0.6397387843703342,1.0,0.3508524015741074,-0.4270259600506848
K2724210,-0.461001885091884,2.0,-0.124160407182623,-0.4448167479302778
K2724210,0.4938485016587359,2.0,0.236681789645073,0.0096806404848637
K2724210,0.2749691236370546,4.0,-0.3297000407681317,-0.4290801651826292
K2724210,0.3536151648910963,1.0,-0.0490158890056418,-0.3620798053479683
K2724210,-0.3505621997143457,1.0,0.0286015401089083,-0.4355099860258516
K2724210,0.2943562540986386,0.0,0.3051574722728001,-0.3130917415918586
K2724210,0.0580530993032757,1.0,0.3931555146585384,0.0386426964858084
K2724210,-0.0116471847018642,1.0,0.0540042319998501,-0.0215882545745701
K2724210,-0.3488217464837982,1.0,0.4713693029676891,-0.1976647977675305
K2724210,-0.2355016175361998,0.0,-0.1310499458195615,-0.5431018397258166
K2724210,0.301035887833267,-2.0,-0.2470030343112382,-0.5238621513612699
K2724210,-0.4247660024872681,-1.0,-0.0896669435782681,-0.635179790508553
K2724210,0.5753199672225136,152.0,-0.3484538823716839,-0.6406415226568957
K2724210,0.153612745441106,3.0,-0.0269192199194482,-0.3887140079168534
K2724210,-0.3024637645523278,0.0,0.3274570023377998,0.1504466442050196
K2724210,-0.1415298213056953,1.0,-0.048832721707046,-0.3266055439933154
K2724210,-0.4638327380343449,1.0,-0.0248086644326215,-0.4687770714181434
K2724210,0.1141959685320448,1.0,0.5485635169992973,0.2374367875689913
K2724210,-0.1644044336709732,1.0,0.2995425213028972,-0.0721518519687005
K2724210,1.125680874887868,-123.0,0.9361862534891034,0.0434285293431764
K2724210,-0.0187462949213735,0.0,0.6722960312327932,-0.1029833130893982
K2724210,0.157557444051525,-2.0,-0.5137940674574968,-0.7447245479777467
K2724210,-0.4992117350944831,1.0,-0.4159556402234483,-0.6584405850096992
K2724210,-0.5527560239150677,0.0,0.0936033264818607,0.1965593596981181
K2724210,-0.4167815206102294,82.0,-0.1066044241073019,-0.2917696487171219
K2724210,-0.0249109630038725,0.0,-0.1297271772219997,-0.2395822482913994
K2724210,-0.681102513297785,0.0,-0.5004884073013592,-0.7245581690051321
K2724210,-0.514876115065741,0.0,-0.2986772607374305,-0.569067799749787
O3314010,-0.5804710861811733,24.0,-0.2332746247588917,-0.0357830164671394
O3314010,-0.1224853613455161,-2.0,-0.1798898778098571,-0.019655430849972
O3314010,0.5552203078204463,1.0,0.0927369676209322,0.3209423236398248
O3314010,-0.1282838539132269,9.0,-0.2211753430435328,-0.2254533606550763
O3314010,-0.3662777471424094,-3.0,-0.1443106788415665,-0.2170459408367867
O3314010,-0.3959528612966684,0.0,-0.0524771526283969,-0.0553382007517709
O3314010,-0.3791527255645546,0.0,-0.1453725461571173,-0.1888348519520744
O3314010,-0.5818002963888234,-2.0,-0.3938863212010526,-0.4498288140114805
O3314010,-0.394534705028834,-1.0,0.4972052263051565,-0.0132385215012508
O3314010,-0.5963156852241587,-1.0,0.1239474609249089,-0.1397891195714232
O3314010,-0.125557141426282,7.0,6.781994482896181e-06,-0.0264137657549515
O3314010,-0.2563489683114799,0.0,-0.1577680605847983,-0.2222192559718628
O3314010,-0.1790099688024329,-1.0,-0.0058597373326854,-0.0608921297679062
O3314010,-0.0636064061578715,-1.0,0.181642300183187,0.2755641517587237
M1354020,-0.2862197631702696,-3.0,0.192563200088361,-0.0563824987031109
M1354020,-0.1217637343242443,-2.0,0.024309353409925,-0.0839332579493217
M1354020,-0.1851504025280436,-3.0,-0.0964522546111601,-0.1345786354159351
M1354020,-0.663164314490396,-6.0,-0.4236211920054115,-0.6032282950378349
M1354020,-0.3135957297194919,0.0,-0.2620848633791238,-0.3292141946401689
M1354020,-0.5829263486392084,0.0,-0.306850661606066,-0.4348808199140159
M1354020,-0.4439387487566003,0.0,-0.1793332375634965,-0.230204013799531
M1354020,-0.2196329628385643,-2.0,-0.314142129920026,-0.2905969200919602
M1354020,0.22236125866485,0.0,0.282973804844385,0.2587725410511614
M1354020,-0.4141015048185967,-1.0,-0.1213954482365284,-0.2205881942005475
M1354020,-0.7237653202180411,1.0,-0.5945960216571735,-0.801342362619393
M1354020,-0.50518850786372,0.0,-0.3044091208337866,-0.3871628678969592
M1354020,-0.2804014284062929,-1.0,-0.1891288192097274,-0.2854766120974142
M1354020,-0.1446973560717042,-1.0,-0.0604097389897951,-0.0182494704290823
H5142610,0.0778251456416623,74.0,0.0883300510571278,0.2633703350983407
H5142610,-0.0283018757435941,-2.0,0.0334529515879991,0.1149171198969387
H5142610,-0.2913445827165142,6.0,-0.2573686560170196,-0.2532086574835325
H5142610,-0.0698220938999356,-2.0,0.1502126451079688,0.1946088477066141
H5142610,0.2282206201282661,0.0,0.0120978453786644,0.4187281958448989
H5142610,-0.0414943415111292,17.0,-0.0196836721875677,0.9712369973381942
H5142610,-0.1411278181929586,12.0,-0.1865183801631391,-0.1434043069630135
H5142610,-0.5317565292515629,-7.0,-0.3380323372742329,-0.5043875922711509
H5142610,-0.1652040086941232,2.0,-0.1854267411210477,-0.2009112778188927
H5142610,-0.4023882676006706,2.0,-0.1349907181203622,-0.3699360507841206
H5142610,-0.0669058137374792,0.0,0.0509037789975215,0.0406254198635589
H5142610,-0.0074941699207251,-1.0,0.1631010052697241,0.0973031069648393
H5142610,-0.1587290331990403,2.0,0.0442964898891569,-0.083510507885176
H5142610,0.0391467141033181,0.0,0.0913794547062776,0.3238310399175967
N0113010,-0.3561614972677782,2.0,0.1412843124635761,-0.0304228759054608
N0113010,-0.2534254860644462,36.0,-0.0091426762187399,-0.1099044390453455
N0113010,-0.263691927935626,1.0,0.2013895113673312,0.0395301503339733
N0113010,-0.0006213582530946,2.0,0.1251703289628978,0.0125183775428023
N0113010,-0.5899776390371633,0.0,-0.1392955621313125,-0.3162606549492279
N0113010,-0.105302924421708,0.0,0.1300609022891243,0.0315242852630885
N0113010,-0.2801365410209967,-1.0,0.1184130472117885,-0.0542168418844486
N0113010,0.0036344788529258,-5.0,-0.266210381418549,-0.2286883703517034
N0113010,-0.1381291857882255,-2.0,0.3050379606124154,0.0973287373475675
N0113010,-0.2281815712176919,0.0,-0.1976924842438291,-0.2884650125591006
N0113010,-0.4036060443291341,1.0,-0.1796968644320292,-0.3154546357568287
N0113010,-0.2451683394581755,0.0,-0.1584780597863115,-0.2757149230936715
N0113010,-0.2011536760213083,-1.0,-0.0141132119447157,-0.1717434988846953
N0113010,-0.4132057366597456,1.0,-0.1475535512736988,-0.2925635502884948
N0113010,-0.3200759810766488,1.0,0.0585483514338913,-0.1564526828691707
N0113010,-0.5925717241164989,0.0,-0.0549100362683656,-0.3021561056196313
N0113010,-0.4723781998376202,1.0,-0.0243634753647012,-0.2557556213986114
N0113010,-0.584543930961458,2.0,-0.45436396202046,-0.5374967751381591
N0113010,-0.3399848542983501,0.0,-0.1108720454790688,-0.2077837512797319
N0113010,-0.2692608625496969,-1.0,-0.165031277930592,-0.2570061814006319
N0113010,-0.6210636638939909,1.0,-0.2842696614698211,-0.4303004760682994
Q0115710,-0.7301009549337202,0.0,-0.4176028124844601,-0.5387735037237484
Q0115710,-0.7406498338664744,-60.0,-0.396849847548023,-0.2697293340721822
Q0115710,-0.2963813684810401,-8.0,-0.249018858698286,-0.2946093313869896
Q0115710,-0.1338008337899897,1.0,-0.1903950186947088,-0.1045474405315208
Q0115710,-0.5068790036545805,20.0,-0.2470460925908653,-0.1072982261559034
Q0115710,-0.3178044602884003,1.0,0.0550317047744202,0.0218093930762237
Q0115710,-0.2019232523081343,5.0,-0.0947710275148392,0.2166315112455106
Q0115710,-0.1275647892368273,6.0,0.2128752521419952,0.2771468635168812
Q0115710,-0.2110849623010187,5.0,0.1559192398136082,0.300637737950695
Q0115710,-0.113063907623291,1.0,-0.0073950893797621,0.1843805937423963
Q0115710,0.0195798110869793,7.0,0.1391297018786765,0.1990468005069845
Q0115710,-0.4946769995313543,3.0,-0.0888839985959394,-0.308258151758912
Q0115710,-0.4408510097206063,5.0,0.1604270517729016,-0.0689532412704819
Q0115710,-0.0724108231231775,-1.0,0.0286354808483533,0.0432793072132138
Q0115710,-0.5793147312874267,4.0,-0.2478403038482045,-0.3551219989571476
Q0115710,-0.5171188122581709,1.0,-0.2618523385306773,-0.4080575366365857
Q0115710,-0.3221322525559608,1.0,-0.1845987810506902,-0.2619922693696915
Q0115710,0.4590242818630392,69.0,0.1800308158711865,0.499607847547191
Q0115710,-0.4963764107745626,-4.0,-0.3470447582021396,-0.5131666577010381
L0914020,-0.0391752488892515,-1.0,0.128803552538264,0.1148364648145416
L0914020,-0.1007381988654305,0.0,-0.0055427393958895,0.0013148174117794
L0914020,-0.1403899346282554,1.0,-0.0205686041154492,-0.1117546455659256
L0914020,-0.2052704361423581,-2.0,0.0847888919020314,-0.0725461205333104
L0914020,-0.2815085510017352,0.0,-0.1870535864270116,-0.2707978216507145
L0914020,-0.0404158774400699,-46.0,-0.0715047245055998,-0.0295868857968336
L0914020,-0.1493650227988456,-1.0,-0.1578281942743878,-0.1381400330251374
L0914020,-0.1109028041001023,0.0,-0.0920658970271778,-0.0551252586626391
L0914020,-0.3370555415166686,0.0,-0.0671856512274104,-0.2186663577435832
L0914020,-0.5567900773243952,-3.0,-0.3656752640985742,-0.5554101019347291
L0914020,-0.0050942643008714,3.0,0.3513638706526241,0.0243499326679792
L0914020,-0.1100403467814127,-15.0,-0.1310325900756499,-0.1189453303015302
L0914020,-0.09071004285228,-17.0,0.038751696575322,0.1181618306128438
L0914020,0.4004219998134655,5.0,0.031603439665335,0.1616207253247892
L0914020,-0.0805915461592133,2.0,-0.1114195373152209,-0.0512046340151727
L0914020,-0.1114569121587748,4.0,-0.1311540736310218,-0.0336704858161782
O8255010,-0.3323399684003671,-2.0,-0.2514929405136237,-0.3168762940617055
O8255010,-0.4524440859189598,3.0,-0.1088698392450597,-0.2452714440243076
O8255010,-0.3160246481157444,2.0,-0.2039014477610143,-0.2101487016905543
O8255010,-0.0364659210100025,1.0,-0.1855904565837369,-0.1510237079768448
O8255010,-0.0655091916553339,-2.0,-0.1827271549260576,-0.0618926439647352
O8255010,-0.2697369473335228,4.0,-0.1145410772397499,-0.1539640930086395
O8255010,-0.2090106695452573,-2.0,-0.1796256710915743,-0.248738919571455
O8255010,-0.2977934677599008,-2.0,-0.0967190875895301,-0.1991161047547242
O8255010,-0.3693799183753292,8.0,-0.2359208334069719,-0.3927452716614815
O8255010,0.3336493986155637,5.0,0.1836687981711864,0.5593814820022294
O8255010,0.0409402069757707,3.0,-0.0579289190178501,0.14960754024482
O8255010,-0.3572972461550763,1.0,-0.261612439128643,-0.3455549322036304
O9134010,-0.2320328469476528,0.0,-0.2909854439021649,-0.1976036151275703
O9134010,0.0506544676021329,2.0,-0.0480677774623315,0.0408384222372282
O9134010,-0.2826262283704674,107.0,0.0138255867890877,0.2156685061687531
O9134010,-0.0936938637725386,28.0,-0.0755392162640405,-0.2052584606388809
O9134010,-0.3921267162992349,0.0,-0.0718251071039907,-0.4052767889293777
O9134010,-0.0656990152774453,2.0,-0.2173079028329475,-0.3498156307799809
O9134010,0.0578994294230779,2.0,-0.0176927969899833,0.02089382935386
O9134010,-0.1632952597583775,1.0,-0.0547819134767462,-0.1724878124603773
O9134010,-0.1276831328863296,0.0,-0.0405397358776838,-0.0428552409877986
O9134010,-0.110014431324847,2.0,0.0121181423501535,-0.1036111377754254
O9134010,-0.2254106089173483,0.0,-0.0478205636928411,-0.0055059860595794
O9134010,-0.3045025068460051,4.0,-0.0439750957242915,-0.208853481874022
U0525010,-0.979319111630013,2.0,-0.9509111010839612,-0.9942557073067092
U0525010,-0.9740420586081112,-1.0,-0.9469615732626432,-0.9874353309397536
U0525010,-0.9828054587389756,1.0,-0.9572365336297588,-0.995062406909108
U0525010,-0.9848784289472906,1.0,-0.9705053769935894,-0.9959658137580036
U0525010,-0.9823861715918272,-1.0,-0.961002637935058,-0.9923794670600634
U0525010,-0.9800656289183604,-2.0,-0.95675047831955,-0.988604234185984
U0525010,-0.9825668951988662,-1.0,-0.957702899397405,-0.9909847896916036
U0525010,-0.9742270248237698,-6.0,-0.9260243705836116,-0.9883176240797894
U0525010,-0.9873470152944072,3.0,-0.9705680799881516,-0.9918742748570122
U0525010,-0.9726453206632452,0.0,-0.9070278560850276,-0.9854284084932532
U0525010,-0.9735297752029206,-20.0,-0.9556876212336194,-0.995892053334301
S4214010,-0.278709801042137,-81.0,-0.1361549215930221,-0.3872913321646708
S4214010,-0.1122441700295781,-6.0,-0.0884749597461763,-0.2571285225100046
S4214010,-0.2887923236114513,-5.0,-0.2054731204545725,-0.3662124141933535
S4214010,-0.2576285332000529,1.0,-0.1686209279867629,-0.2680387855467339
S4214010,-0.2016268337474149,0.0,0.042463687176846,-0.2073872915044167
S4214010,-0.1126837313242593,-62.0,0.0314635530136733,-0.264384932386864
V1325020,-0.4203814841829727,-1.0,-0.3241391565825743,-0.2194095587902699
V1325020,-0.2574687101403061,10.0,-0.1617758191270972,-0.0216567315215162
V1325020,-0.3484205497217324,1.0,-0.2111746515823819,-0.2702756130342877
V1325020,-0.4077581075398344,-1.0,-0.212010350521782,-0.2205254964909467
V1325020,-0.4175244016000632,-1.0,-0.1456000282300699,-0.1228170816578386
V1325020,-0.9123060774388648,1.0,-0.6029352641459167,-0.7605637500561352
V1325020,-0.4562693048844075,0.0,-0.3486720446159232,-0.3686426082286348
V1325020,-0.2274797377410344,-45.0,0.2560102792777374,-0.0059613351435197
V1325020,-0.4741440670010709,2.0,-0.2742584134819376,-0.3642556458206298
V1325020,-0.5016092023467439,89.0,-0.2962793246619749,-0.2954040226603492
V1325020,0.0355892944410174,0.0,0.1583983818469421,0.382950647280702
V1325020,-0.4732601580903911,0.0,-0.2222210384763376,-0.337425825146477
V1325020,-0.4712651084928332,-2.0,-0.2755788754686318,-0.3711040947254103
V1325020,-0.2921368132847467,0.0,0.1023922789020288,-0.0171390399776226
V1325020,-0.4701001885757334,1.0,0.0362574683876661,-0.2077620714411415
V1325020,-0.2014828541471583,1.0,0.0954435216825908,0.2205698010238832
V1325020,-0.2943672413870671,0.0,-0.1754276703933071,-0.1166448198053876
V1325020,-0.3572127440132995,10.0,-0.137584519734108,-0.2138649399419914
V1325020,-0.1566455803677074,1.0,-0.0701706286187838,-0.000976404828953
V1325020,-0.2272864650265327,0.0,-0.0024768433554877,-0.0409621607856639
V1325020,-0.2086120896800677,1.0,0.2406508456400855,0.5867006949127123
V1325020,-0.63397550110624,47.0,-0.3222563364104417,-0.3969485544777975
V1325020,-0.1631962035324775,1.0,0.123907016618856,0.5433571532267156
V1325020,-0.3653104617939744,0.0,-0.2359157373978142,-0.1625971471939523
V1325020,-0.444368121664451,1.0,-0.3896518360199165,-0.3801677719330197
V1325020,-0.1102631432114884,0.0,-0.1475117468065484,0.1164392896383659
V1325020,-0.5245320515699136,1.0,-0.2495975420973446,-0.3052665155099653
X2305010,-0.9935642503203612,-1.0,-0.996496352063064,-0.9949254318027764
X2305010,-0.9894162967496172,46.0,-0.9872840514151144,-0.9899548940073288
X2305010,-0.8381638631207499,-1.0,-0.6831539427876012,-0.656768712286313
X2305010,-0.3416293386962498,-1.0,-0.3775141358881339,-0.2927100716711058
X2305010,-0.4052635545395462,-1.0,-0.1293466398163667,-0.3788329370030514
X2305010,-0.5940818194812862,0.0,-0.5238146161566936,-0.5661206875501396
X2305010,-0.2869992542916071,-1.0,0.0362197236138264,-0.1567071501553789
X2305010,-0.5695446262647732,-2.0,-0.4766857414293455,-0.5593044120443227
X2305010,-0.5849227480849586,-2.0,-0.3388647703350678,-0.3360436512861852
X2305010,-0.6062368946817294,-1.0,-0.3940165261665446,-0.5571893917862697
X2305010,-0.5102517152258794,-2.0,-0.4102138156261034,-0.5092930021842386
X2305010,-0.4200412561159488,-1.0,-0.4343500316956415,-0.400745700133326
X2305010,-0.5326165057443921,-29.0,-0.5116200493344898,-0.4951075802200879
X2305010,-0.4129685743325496,0.0,-0.4303144846112816,-0.3396187990466464
X2305010,-0.5383746953620645,-1.0,-0.3454330360563877,-0.4116493160077727
X2305010,-0.5949710998548821,1.0,-0.3015006962536902,-0.3540062037747271
X2305010,0.7814747927756929,0.0,3.572708176783846,3.14674970946236
P3264310,-0.2298747616630773,-1.0,-0.1229932642298166,-0.0627833702440412
P3264310,-0.0529179649372464,-2.0,-0.1024694377223608,0.0279643391608972
P3264310,-0.4554726388755741,1.0,0.2997152754797545,0.0497366588748453
P3264310,-0.1993649068125533,0.0,0.1182896881319721,0.0601348803863901
P3264310,-0.1659712145720228,1.0,-0.0046260006878767,0.0588424698915108
P3264310,-0.0551002896086572,0.0,-0.0782891025455828,-0.1159909000166714
P3264310,-0.3421850524585709,2.0,-0.1752300088973882,-0.2084119466752747
P3264310,-0.293619646344866,3.0,-0.1952977835880164,-0.1628954106491219
P3264310,0.2107125201446942,-45.0,0.1121746849399816,0.0221361474865737
P3264310,-0.2721458488541276,2.0,0.0170902571074995,-0.1046940299569916
P3264310,-0.4633544445037841,28.0,-0.319853864484912,-0.3468802656719959
P3264310,-0.3817775863963289,-2.0,-0.2654099766153734,-0.2239198162860136
P3264310,-0.379374701249197,0.0,-0.225367174016676,-0.1411639179075482
P3264310,-0.1683179375548615,0.0,0.1147922051463314,0.2179871685198235
P3264310,-0.4298658077818246,-1.0,-0.019477422790222,-0.0625716538871011
P3264310,-0.3888535264545307,0.0,-0.1809742819324316,-0.2224293752917953
P3264310,0.2411665645222729,0.0,0.4068667486444739,0.3209305233315231
P3264310,-0.4984685940954698,0.0,-0.4086413410424746,-0.3951593319722387
P3264310,0.0788536474040613,-63.0,0.0277207715874812,0.1640751804686515
P3264310,-0.4215445085005327,3.0,-0.3393264325795202,-0.3234746710876176
P3264310,-0.2238982483137258,0.0,-0.1574684811815746,0.06465304133375
P3264310,-0.1579882033327793,1.0,-0.2134320446023729,-0.0203276834213237
P3264310,-0.3235560246163336,0.0,-0.267558975278494,-0.097510247474048
U3004010,-0.2234841722968791,-1.0,-0.1853697886774945,-0.1746614011006907
U3004010,-0.3757212531770648,1.0,-0.2032162848868076,-0.3375418224312455
U3004010,-0.3989590293370195,-2.0,-0.2530561394827656,-0.3819739545822262
U3004010,-0.3613145772075771,-2.0,-0.1750322574562537,-0.2618348252478539
U3004010,-0.1451472714451834,0.0,-0.0341540350509451,0.1882241610422024
U3004010,-0.2731824887152311,0.0,-0.1338233430684485,-0.1166295214491961
U3004010,-0.0641422484248644,-3.0,-0.0628429003158307,-0.0211540184854303
U3004010,-0.3017951037337215,-1.0,-0.1524578526980717,-0.231080988153841
U3004010,-0.160024291003027,0.0,-0.0718272456004119,-0.1158215119891546
U3004010,-0.1902100470282135,-1.0,-0.0643796063253642,-0.0328878612768731
U3004010,-0.2315653261266285,-3.0,-0.0131000594704836,-0.1537725840873191
U3004010,-0.0827143496485668,1.0,0.2063649903232127,0.3006152368318733
U3004010,-0.0894002911736475,-1.0,0.048388993898436,0.0767492567870797
U3004010,0.0082949979137285,4.0,0.2204580523848271,0.1517281950598477
U3004010,-0.501012071827373,-1.0,-0.3964847502561345,-0.5646714015445213
U3004010,-0.2331539272713074,-1.0,-0.2237227264879295,-0.2924924264721907
Y0115410,-0.4144521442685841,10.0,-0.3749603353691428,-0.3358394926836797
Y0115410,-0.2362910029847429,0.0,0.464642193122911,0.8586889038570984
Y0115410,-0.2220822179967326,6.0,0.0772740780335057,0.102004872820741
Y0115410,-0.3665004080187443,-22.0,-0.0312373970434017,-0.0305410745133249
Y0115410,-0.5224462119971485,1.0,0.2183405014689261,0.03234273231694
Y0115410,0.055063541585649,0.0,0.1329663350399632,0.269346873695929
Y0115410,-0.4091563172453414,0.0,0.3112961860734322,0.0819626624355462
Y0115410,0.2321341247581434,3.0,0.1505378292327073,0.2506915002277929
Y0115410,-0.3770542532837159,1.0,-0.2012403166354858,-0.3163827086073046
V4145210,-0.3380387831196183,5.0,0.3226817742382235,-0.1024734352457837
V4145210,0.0327393634131809,1.0,0.3934877550981563,0.0809881671774701
V4145210,-0.3010900238323354,1.0,-0.144512210722129,-0.2064961325055719
V4145210,-0.3156829228165181,0.0,-0.1462990463217527,-0.1500666134650593
V4145210,0.059002913102834,0.0,-0.0735934228957543,0.1381293424131973
V4145210,-0.4758289142347179,1.0,0.1267008361806805,-0.0926213790474433
V4145210,-0.1449576551618946,0.0,-0.0542375837598337,-0.0309986824881761
V4145210,-0.2149720381358474,3.0,-0.0805630293480401,0.0438221131292468
V4145210,-0.0350151892501495,1.0,-0.0916851165537195,0.1006284512251762
V4145210,-0.3698914559632917,0.0,-0.2751956828341391,-0.3875689155221874
V4145210,-0.5327165774377542,-1.0,-0.4036821480041284,-0.4181194224265345
V4145210,-0.2980833676147898,0.0,-0.3018698688106449,-0.2824032604394566
V4145210,-0.2063352733570007,-1.0,-0.2560202755770479,-0.177278494741878
V4145210,-0.1979631464532081,-1.0,0.7063759365835054,0.1591437601308762
V4145210,-0.0733436225424127,0.0,0.0959712963489989,0.0382689693734188
V4145210,-0.4404714013590034,1.0,-0.4086874966357769,-0.435970892716249
V4145210,-0.262496736060009,6.0,0.2168457831152201,0.1535741344564003
V4145210,-0.2896885572617024,1.0,-0.0784413129784081,0.1126950103274522
Y1355210,-0.0996481790662799,0.0,-0.1622740065318674,-0.0973895836223784
Y1355210,-0.4535635102983019,1.0,-0.2134187365943444,-0.2332102319952873
Y1355210,-0.1419123967522508,1.0,-0.033349137948788,-0.0184205500981863
Y1355210,-0.3865198456080614,0.0,-0.3180556713160974,-0.3844337007372915
Y1355210,-0.6401815225925999,4.0,-0.1687379775875005,-0.0763598557650507
Y1355210,-0.1456649395335799,0.0,-0.2807844496091137,-0.2267377627869679
Y4414030,-0.2079671902552536,-50.0,-0.5256837189718857,-0.4114118362576692
Y4414030,-0.6744817727029069,0.0,-0.4129537838168,-0.6117660558736397
Y4414030,-0.192683057400773,-5.0,-0.3452172229472988,-0.4916225002691746
Y4414030,-0.592480977376302,-2.0,-0.4129034813559845,-0.5839376315765047
Y4414030,-0.5104061249763735,1.0,-0.4743489250491662,-0.6302507539924126
Y4414030,-0.6441234527954833,0.0,-0.5200201559327133,-0.5632537562308139
Y4414030,-0.40296739781372,-5.0,-0.3908188134589961,-0.4848981321959202
Y4414030,-0.533297856648763,-1.0,-0.3967101657779703,-0.5006920517031288
Y4414030,-0.537704183484531,-2.0,-0.4088083186014406,-0.5265065843424686
Y4414030,-0.5706275990333811,1.0,-0.2012944361087836,-0.439002516101575
Y4414030,-0.385008580635838,3.0,-0.1478457045861316,-0.4002764552705562
Y4414030,-0.1623050790084036,1.0,-0.262820340985078,-0.3036852639703998
Y4414030,-0.1017002017507936,-2.0,0.1753618902577574,-0.0830006042809451
Y4414030,-0.2885513706857432,-1.0,0.1632623909973698,-0.1650119227364752
Y4414030,-0.600720753488609,0.0,-0.3992557817778113,-0.5040812994412723
Y4414030,-0.7121024935258278,6.0,-0.0815396061167795,-0.2183697664083921
Y3315080,0.4968410313784319,3.0,1.0122252675468708,1.518862121891719
Y3315080,-0.2087334608872747,-20.0,0.1734383198102511,0.4417168133381541
Y3315080,-0.4002985707381332,0.0,0.0929746939386104,-0.1050616280699406
Y3315080,-0.1831839707706196,0.0,0.0310402976629831,-0.0251540207601091
Y3315080,-0.01254093708032,-19.0,0.4748267495098988,0.4733914667581167
Y3315080,-0.3471713714802236,-1.0,0.1012723770519592,-0.0933555541694189
Y3315080,0.2335728244692667,1.0,0.2473151209059749,0.2487978360124798
Y3315080,-0.3035762281794442,2.0,-0.1611641263394482,-0.2415366701854117
Y3315080,-0.2762479550569555,-1.0,0.1824077719688686,0.3734426438045928
Y3315080,-0.2296108138933592,-1.0,-0.1277165321259451,-0.1478004094643649
Y3315080,0.2920446275226627,0.0,0.5128508674705392,0.8003303281714387
Y3315080,-0.0733664110168799,1.0,0.4090984637695085,0.5301535967736459
Y3315080,-0.2481596634214077,0.0,1.351815006136836,0.4694115181780725
Y3315080,-0.3983149717403368,0.0,-0.520451934737509,-0.3271169683861329
Y3315080,1.4414355178335998,-6.0,-0.2996532228865636,0.3719381196665468
Y3315080,-0.562220186937701,1.0,-0.2521190394608388,-0.4071552861401754
Y3315080,-0.1626624435467588,-2.0,-0.2075272924135403,-0.2923885260684353
Y3315080,-0.2145574708963408,-3.0,-0.2165178889938096,-0.2210963370949769
Y3315080,-0.6129503519446309,0.0,-0.5553050802269656,-0.5115785155453805
Y3315080,-0.7128963749908936,0.0,-0.1340469592755481,-0.3761200444027461
Y3315080,-0.2713935515459846,-1.0,2.475101770312763,1.1460408278714658
Y9414020,-0.3809930552606997,-1.0,-0.06848336994291793,-0.15461657501157022
Y9414020,-0.43323929006978756,2.0,-0.3307218152703485,-0.5382109429107156
Y9414020,-0.018319688480764484,-1.0,-0.08952047787837758,-0.06736907903977873
Y9414020,-0.15204243083663171,0.0,-0.1759377535216461,-0.06887531634305266
Y9414020,-0.6557586152674788,0.0,-0.5300513352676768,-0.5905467615210365
Y9414020,0.011338475662442393,2.0,-0.05048834649077416,0.18495539294840646
Y9414020,-0.2234546808720398,48.0,-0.006494294748164653,-0.060652080926653196
Y9414020,-0.45160516955424956,-6.0,-0.4874450558620831,-0.4824726707698138
Y9414020,-0.22662469765171644,-2.0,-0.10259423044965998,-0.12383160090165257
Y9414020,-0.3230852949048272,0.0,0.604567434963017,0.21369796327338264
Y9414020,-0.14341437952254543,0.0,-0.044862352163924424,-0.0616765515870521
Y9414020,-0.2623153863071128,-1.0,-0.004663037676740589,-0.21170912037940692
Y9414020,0.07072784029985613,-1.0,-0.2046656924203003,0.02696973764324384
Y9414020,-0.24405576386005134,-2.0,-0.22425776260313635,-0.19401402036174553
